/en/la-dulce-vida/available-home-sites             /la-dulce-vida/available-home-sites                  301
/en/la-dulce-vida/developer-s-vision               /la-dulce-vida/developers-vision                     301
/en/la-dulce-vida/consierge-center                 /la-dulce-vida/consierge-center                      301
/en/la-dulce-vida/location                         /la-dulce-vida/location                              301
/en/la-dulce-vida/architect-builder-partners       /la-dulce-vida/architect-builder-partners            301
/en/beach-club                                     /beach-club                                          301
/en/beach-club/ammenities                          /beach-club/ammenities                               301
/en/hacienda-pinilla                               /hacienda-pinilla                                    301
/en/hacienda-pinilla/4-500-acres-to-explore        /hacienda-pinilla/4500-acres-to-explore              301
/es/hacienda-pinilla/4-500-acres-para-explorar     /es/hacienda-pinilla/4500-acres-para-explorar        301
/en/hacienda-pinilla/beaches                       /hacienda-pinilla/beaches                            301
/en/hacienda-pinilla/jw-marriott-resort-spa        /hacienda-pinilla/jw-marriott-resort-spa             301
/en/costa-rica                                     /costa-rica                                          301
/en/costa-rica/guanacaste                          /costa-rica/guanacaste                               301
/en/costa-rica/guanacaste-climate                  /costa-rica/guanacaste-climate                       301
/en/golf                                           /golf                                                301
/en/enjoy-explore/nature-and-wildlife              /enjoy-explore/nature-and-wildlife                   301
/en/enjoy-explore/tennis-fitness-center            /enjoy-explore/tennis-fitness-center                 301
/en/enjoy-explore/surf                             /enjoy-explore/surf                                  301
/en/enjoy-explore/equestrian-center                /enjoy-explore/equestrian-center                     301
/en/enjoy-explore/tours-excursions                 /enjoy-explore/tours-excursions                      301
/en/contact-us                                     /contact-us                                          301
/es/informacion-de-contacto                        /es/contacto                                         301
/la-dulce-vida/                                    /                                                    301
/es/la-dulce-vida/                                 /es/                                                 301
/en                                                /en/                                                 301
